<?xml version="1.0" encoding="UTF-8"?>
<project-private xmlns="http://www.netbeans.org/ns/project-private/1">
    <editor-bookmarks xmlns="http://www.netbeans.org/ns/editor-bookmarks/2" lastBookmarkId="0"/>
    <open-files xmlns="http://www.netbeans.org/ns/projectui-open-files/2">
        <group name="Cpp">
            <file>file:/C:/Users/WONSEOB/Documents/NetBeansProjects/2013-OOProgrammingWithJava-PART2/week9-week9_17.FirstPackages/src/mooc/ui/TextUserInterface.java</file>
            <file>file:/C:/Users/WONSEOB/Documents/NetBeansProjects/2013-OOProgrammingWithJava-PART2/week9-week9_17.FirstPackages/src/Main.java</file>
        </group>
    </open-files>
</project-private>
